timestamp_utc,function,address,count,fault,request_hex,response_hex,request_crc_valid
2026-09-21T04:05:29.167877+00:00,3,0,4,normal,0103000000044409,010308006400c8012c01909008,True
2026-09-21T04:05:29.174033+00:00,4,0,4,normal,010400000004f1c9,010408044c04b005140578abde,True
2026-09-21T04:05:29.180533+00:00,6,0,1,normal,0106000010e14442,0106000010e14442,True
2026-09-21T04:05:29.186895+00:00,3,0,1,normal,010300000001840a,01030210e175cc,True
2026-09-21T04:05:29.193235+00:00,5,3,1,normal,01050003ff007c3a,01050003ff007c3a,True
2026-09-21T04:05:29.199687+00:00,1,3,1,normal,0101000300010dca,010101019048,True
2026-09-21T04:05:29.706277+00:00,3,0,1,timeout,010300000001840a,,True
2026-09-21T04:05:29.714984+00:00,3,0,1,crc,010300000001840a,01030210e17533,True
2026-09-21T04:05:29.720782+00:00,3,0,1,invalid,010300000001840a,7f0000,True
2026-09-21T04:05:29.979114+00:00,3,0,1,normal,010300000001840a,01030210e175cc,True
2026-09-21T04:21:54.673645+00:00,3,0,4,normal,0103000000044409,010308006400c8012c01909008,True
2026-09-21T04:21:54.679772+00:00,4,0,4,normal,010400000004f1c9,010408044c04b005140578abde,True
2026-09-21T04:21:54.686104+00:00,6,0,1,normal,0106000010e14442,0106000010e14442,True
2026-09-21T04:21:54.692327+00:00,3,0,1,normal,010300000001840a,01030210e175cc,True
2026-09-21T04:21:54.698641+00:00,5,3,1,normal,01050003ff007c3a,01050003ff007c3a,True
2026-09-21T04:21:54.705092+00:00,1,3,1,normal,0101000300010dca,010101019048,True
2026-09-21T04:21:55.212117+00:00,3,0,1,timeout,010300000001840a,,True
2026-09-21T04:21:55.219330+00:00,3,0,1,crc,010300000001840a,01030210e17533,True
2026-09-21T04:21:55.224810+00:00,3,0,1,invalid,010300000001840a,7f0000,True
2026-09-21T04:21:55.482522+00:00,3,0,1,normal,010300000001840a,01030210e175cc,True
2026-09-21T04:22:03.701634+00:00,3,0,4,normal,0103000000044409,010308006400c8012c01909008,True
2026-09-21T04:22:03.707890+00:00,4,0,4,normal,010400000004f1c9,010408044c04b005140578abde,True
2026-09-21T04:22:03.714050+00:00,6,0,1,normal,0106000010e14442,0106000010e14442,True
2026-09-21T04:22:03.720455+00:00,3,0,1,normal,010300000001840a,01030210e175cc,True
2026-09-21T04:22:03.726876+00:00,5,3,1,normal,01050003ff007c3a,01050003ff007c3a,True
2026-09-21T04:22:03.733182+00:00,1,3,1,normal,0101000300010dca,010101019048,True
2026-09-21T04:22:04.243228+00:00,3,0,1,timeout,010300000001840a,,True
2026-09-21T04:22:04.249271+00:00,3,0,1,crc,010300000001840a,01030210e17533,True
2026-09-21T04:22:04.255454+00:00,3,0,1,invalid,010300000001840a,7f0000,True
2026-09-21T04:22:04.513186+00:00,3,0,1,normal,010300000001840a,01030210e175cc,True
