sequence,start_ns,end_ns,latency_ms,value,status
1,1789964518377385552,1789964518383659168,6.274,1001,pass
2,1789964518385977683,1789964518390114373,4.137,1002,pass
3,1789964518392389940,1789964518397267063,4.877,1003,pass
4,1789964518399472884,1789964518403695992,4.223,1004,pass
5,1789964518405888427,1789964518410340268,4.452,1005,pass
6,1789964518412643676,1789964518416707447,4.064,1006,pass
7,1789964518418937490,1789964518423103437,4.166,1007,pass
8,1789964518425557635,1789964518430047770,4.490,1008,pass
9,1789964518432339885,1789964518436297200,3.957,1009,pass
10,1789964518438490449,1789964518443214520,4.724,1010,pass
11,1789964518445742554,1789964518449915982,4.173,1011,pass
12,1789964518452159191,1789964518456211921,4.053,1012,pass
13,1789964518458720146,1789964518463652612,4.932,1013,pass
14,1789964518466012215,1789964518515446766,49.435,1014,pass
15,1789964518518757607,1789964518523533840,4.776,1015,pass
16,1789964518526050294,1789964518530468189,4.418,1016,pass
17,1789964518532745720,1789964518536898012,4.152,1017,pass
18,1789964518539080188,1789964518543773181,4.693,1018,pass
19,1789964518546033528,1789964518550361531,4.328,1019,pass
20,1789964518552623789,1789964518557263945,4.640,1020,pass
