scenario,devices,mqtt_rate,modbus_rate,can_rate,duration,p50_ms,p95_ms,p99_ms,cpu_percent,rss_mb,queue_peak,error_rate,loss_rate,reconnect_time_s
A_normal_1_device,1,99.99920110638185,0.0,99.99920110638185,5.000039945000026,1.2271725,1.8994158999999988,6.851228049999915,1.7999836377887337,5.79296875,1,0.0,0.0,
B_10_devices,10,499.99595743269083,0.0,499.99595743269083,5.000040425999941,0.525102,0.8018803999999997,4.3638448699999985,3.3999713933207953,5.7890625,1,0.0,0.0,
C_50_devices,50,999.9878363479908,0.0,999.9878363479908,5.0000608189998275,0.4177235,0.636243,2.9582589100000534,5.799927464947239,5.79296875,1,0.0,0.0,
D_100_devices,100,1499.9974356043551,0.0,1499.9974356043551,5.000008548000096,18.0653805,39.732006150000004,42.495407990000004,6.199988151822758,5.8125,1,0.0,0.0,
E_burst,100,3027.352935735714,0.0,4999.75711929928,2.0000971569998,1431.825021,2646.0767712,2758.4000678400002,6.9944668241799235,7.9140625,2,0.0,0.3945,
Modbus_TCP_poll,1,962.1435824434437,962.1435824434437,0.0,5.00964729999987,,,,6.587290087268391,8.32421875,,0.0,0.0,
J_stability_60s,100,499.99952401712096,0.0,499.99952401712096,60.00005711799986,0.46862899999999996,0.72546415,0.9993241899999997,3.216663504632822,5.75390625,1,0.0,0.0,
F_broker_disconnect,1,,,,1.539577,,,,,,4,,,,1.539577
G_modbus_timeout,1,,,,,,,,,,,,0.0,
H_modbus_crc_error,1,,,,,,,,,,,,0.0,
I_invalid_can_frames,1,,,,,,,,,,,,0.0,
